<?xml version="1.0" encoding="UTF-8"?>
<DEFECTS>
  <DEFECT>
    <SFA>
      <FILEPATH>c:\users\dtle6\source\repos\final_project\final_project</FILEPATH>
      <FILENAME>cashregister.cpp</FILENAME>
      <LINE>101</LINE>
      <COLUMN>27</COLUMN>
    </SFA>
    <DEFECTCODE>26451</DEFECTCODE>
    <DESCRIPTION>Arithmetic overflow: Using operator '+' on a 4 byte value and then casting the result to a 8 byte value. Cast the value to the wider type before calling operator '+' to avoid overflow (io.2).</DESCRIPTION>
    <FUNCTION>cashRegister::printCart</FUNCTION>
    <DECORATED>?printCart@cashRegister@@QEAAXH@Z</DECORATED>
    <FUNCLINE>98</FUNCLINE>
    <PATH></PATH>
  </DEFECT>
</DEFECTS>