<?xml version="1.0" encoding="UTF-8"?>
<DEFECTS>
  <DEFECT>
    <SFA>
      <FILEPATH>c:\users\dtle6\source\repos\final_project\final_project</FILEPATH>
      <FILENAME>main.cpp</FILENAME>
      <LINE>185</LINE>
      <COLUMN>5</COLUMN>
    </SFA>
    <DEFECTCODE>6262</DEFECTCODE>
    <DESCRIPTION>Function uses '114948' bytes of stack:  exceeds /analyze:stacksize '16384'.  Consider moving some data to heap.</DESCRIPTION>
    <FUNCTION>CashRegister</FUNCTION>
    <DECORATED>?CashRegister@@YAXQEAVBooks@@H@Z</DECORATED>
    <FUNCLINE>185</FUNCLINE>
    <PATH></PATH>
  </DEFECT>
  <DEFECT>
    <SFA>
      <FILEPATH>c:\users\dtle6\source\repos\final_project\final_project</FILEPATH>
      <FILENAME>main.cpp</FILENAME>
      <LINE>318</LINE>
      <COLUMN>48</COLUMN>
    </SFA>
    <DEFECTCODE>26451</DEFECTCODE>
    <DESCRIPTION>Arithmetic overflow: Using operator '+' on a 4 byte value and then casting the result to a 8 byte value. Cast the value to the wider type before calling operator '+' to avoid overflow (io.2).</DESCRIPTION>
    <FUNCTION>CashRegister</FUNCTION>
    <DECORATED>?CashRegister@@YAXQEAVBooks@@H@Z</DECORATED>
    <FUNCLINE>185</FUNCLINE>
    <PATH></PATH>
  </DEFECT>
</DEFECTS>